{"eval/loss": 3.95768666267395, "eval/rouge1": 0.2462, "eval/rouge2": 0.1106, "eval/rougeL": 0.2164, "eval/rougeLsum": 0.2147, "eval/bleu": 0.0, "eval/runtime": 1.4622, "eval/samples_per_second": 10.942, "eval/steps_per_second": 0.684, "train/epoch": 1.0, "train/global_step": 1, "_timestamp": 1689533102.3552287, "_runtime": 17.27735161781311, "_step": 1, "train/train_runtime": 10.0888, "train/train_samples_per_second": 3.172, "train/train_steps_per_second": 0.099, "train/total_flos": 592120381440.0, "train/train_loss": 4.4099225997924805, "_wandb": {"runtime": 16}}