eval_loss,eval_rouge1,eval_rouge2,eval_rougeL,eval_rougeLsum,eval_bleu,eval_runtime,eval_samples_per_second,eval_steps_per_second,name
16.965784072875977,0.36340458097793044,0.1666237935524234,0.3178023032920647,0.3180989532587817,0.07177327169813869,300.324,12.71,0.4,gpt_generated
16.933990478515625,0.7662223579943004,0.6887199003113365,0.7497010483638168,0.7495651388957032,0.5449840851790828,54.5908,10.753,0.348,faviq_r_set
16.629962921142578,0.762898448212439,0.6917630543655697,0.7452461932330763,0.7453955249765238,0.596689398331866,41.9075,10.165,0.334,faviq_a_set
16.74326515197754,0.3030133606105635,0.12647828540684491,0.26156380983501937,0.2604440008034954,0.06963305874897055,20.4284,7.098,0.245,fact_checking_briefs
