eval_loss,eval_rouge1,eval_rouge2,eval_rougeL,eval_rougeLsum,eval_bleu,eval_runtime,eval_samples_per_second,eval_steps_per_second,name
21.927640914916992,0.3215502412403933,0.14249035410857486,0.281610908238058,0.28178860287867274,0.0657284474912579,300.0065,12.723,0.4,gpt_generated
21.93020248413086,0.7951189743436413,0.6833215473539382,0.7594667178081347,0.7590755444018356,0.5836885259703221,17.3933,6.209,0.23,claim_decomp
21.819496154785156,0.9053606929489493,0.8588467413810214,0.8990679375349677,0.8990750109646142,0.7742137105818522,42.05,10.131,0.333,faviq_a_set
21.947851181030273,0.27628794621303543,0.11047816090721395,0.2424090398558541,0.24252197437462608,0.06631144440672883,20.3254,7.134,0.246,fact_checking_briefs
