eval_loss,eval_rouge1,eval_rouge2,eval_rougeL,eval_rougeLsum,eval_bleu,eval_runtime,eval_samples_per_second,eval_steps_per_second,name
16.683828353881836,0.3493117019127532,0.1667387973594368,0.3191437893438054,0.3191184364207687,0.09309391153594493,294.5911,12.957,0.407,gpt_generated
16.620670318603516,0.6690370755261822,0.549727079590129,0.6505185049537046,0.6505872628652266,0.46912546845999137,52.8976,11.097,0.359,faviq_r_set
16.55158233642578,0.5622601493191418,0.379725430718021,0.5089265288351618,0.5082290868984622,0.30322038088374964,17.5598,6.15,0.228,claim_decomp
16.5256290435791,0.6699482130983634,0.5561979271713744,0.6507080179899083,0.6518556715010706,0.4304758517773193,41.8429,10.181,0.335,faviq_a_set
