eval_loss,eval_rouge1,eval_rouge2,eval_rougeL,eval_rougeLsum,eval_bleu,eval_runtime,eval_samples_per_second,eval_steps_per_second,name
19.683813095092773,0.32691586544761403,0.14332480470288866,0.28450761732907015,0.2846791308196247,0.06416653755482049,297.611,12.825,0.403,gpt_generated
20.696197509765625,0.9340818119394267,0.8860290559425812,0.9216595468797689,0.9215087270056598,0.8596481819686798,53.4209,10.988,0.356,faviq_r_set
19.626867294311523,0.7864037109166935,0.6827205780401775,0.7534010451879993,0.7525120023953671,0.5786004083367329,17.6045,6.135,0.227,claim_decomp
19.51195526123047,0.28575194651666347,0.11046891268354683,0.24919421849431095,0.24932517063691573,0.06578768876000428,20.4318,7.097,0.245,fact_checking_briefs
