eval_loss,eval_rouge1,eval_rouge2,eval_rougeL,eval_rougeLsum,eval_bleu,eval_runtime,eval_samples_per_second,eval_steps_per_second,name
67.46366119384766,0.3623657742049301,0.16556321803199606,0.31737696988765496,0.3177841464987222,0.07262670754016463,408.0311,9.355,0.294,gpt_generated
66.87872314453125,0.7630765639821009,0.688048765075844,0.7471396975945148,0.7471498729154851,0.4909777245788082,70.4066,8.337,0.27,faviq_r_set
67.6825180053711,0.7512998482646377,0.6803008469145926,0.7328816680142838,0.7328679359783228,0.5433547870598459,55.5697,7.666,0.252,faviq_a_set
57.90944290161133,0.2918455195929579,0.11920045205549121,0.25034801246439353,0.24997750065311986,0.06723973502254575,24.3799,5.948,0.205,fact_checking_briefs
