eval_loss,eval_rouge1,eval_rouge2,eval_rougeL,eval_rougeLsum,eval_bleu,eval_runtime,eval_samples_per_second,eval_steps_per_second,name
51.881534576416016,0.3269298462682594,0.14255582493409652,0.2848245835393137,0.2850977548335558,0.06705091668056923,406.297,9.395,0.295,gpt_generated
51.78746795654297,0.7692972292543725,0.6450284958834103,0.7372379300337595,0.7369947005447299,0.5437428389259116,20.5711,5.25,0.194,claim_decomp
56.76362609863281,0.9002734707950454,0.8542499151135627,0.8905662027614958,0.8902151962006177,0.7666635510517152,55.3411,7.698,0.253,faviq_a_set
49.940887451171875,0.2786427797492592,0.10923062803649503,0.242438138789227,0.24186182115934052,0.06446463762528225,24.5756,5.9,0.203,fact_checking_briefs
