eval_loss,eval_rouge1,eval_rouge2,eval_rougeL,eval_rougeLsum,eval_bleu,eval_runtime,eval_samples_per_second,eval_steps_per_second,name
49.213436126708984,0.315753842823002,0.13986558601669857,0.28462661210730045,0.28489203635281657,0.06924856461975214,406.1159,9.399,0.295,gpt_generated
48.5788459777832,0.5286463321532782,0.378866725556244,0.4947047799537097,0.4951951695666215,0.23083188362782497,72.3099,8.118,0.263,faviq_r_set
49.22457504272461,0.42401372571466267,0.22201905483844991,0.37231170925840773,0.37221293680532,0.15849057781227502,20.7372,5.208,0.193,claim_decomp
48.58964157104492,0.5483917050889084,0.3889593004088162,0.5128396802260333,0.5135843460260061,0.2637243624384905,55.2804,7.706,0.253,faviq_a_set
