eval_loss,eval_rouge1,eval_rouge2,eval_rougeL,eval_rougeLsum,eval_bleu,eval_runtime,eval_samples_per_second,eval_steps_per_second,name
56.67216110229492,0.32341057385643174,0.13851933490307844,0.280609743211671,0.2806050120806924,0.06129138005883145,416.6125,9.162,0.288,gpt_generated
63.22902297973633,0.9246419216732105,0.8718017480550236,0.9130230048072392,0.9127315533712121,0.8431043145342576,70.9778,8.27,0.268,faviq_r_set
55.68254089355469,0.7823206346920213,0.6664864986137617,0.7462084447074144,0.7458516166281239,0.5655278257061941,20.5391,5.258,0.195,claim_decomp
52.788330078125,0.2828083953555965,0.1125273821836689,0.24325681884038758,0.24252523428752282,0.06218678352548762,24.487,5.922,0.204,fact_checking_briefs
