eval_loss,eval_rouge1,eval_rouge2,eval_rougeL,eval_rougeLsum,eval_bleu,eval_runtime,eval_samples_per_second,eval_steps_per_second,name
27.205724716186523,0.33100504960190524,0.1432768666194778,0.285921995599966,0.28633901260067607,0.06123233612982747,395.8852,9.642,0.303,gpt_generated
27.126060485839844,0.9270741418614112,0.8748019161633129,0.9151114703115212,0.9153342250143701,0.8436581438027356,68.3082,8.593,0.278,faviq_r_set
27.998655319213867,0.7980569678822973,0.6860586235084782,0.7605640766678803,0.7601632394585547,0.5902657307845003,20.2473,5.334,0.198,claim_decomp
24.850860595703125,0.2856816221904697,0.11763483677023209,0.2513132357304084,0.25096435218333835,0.06897195222115864,24.0755,6.023,0.208,fact_checking_briefs
