eval_loss,eval_rouge1,eval_rouge2,eval_rougeL,eval_rougeLsum,eval_bleu,eval_runtime,eval_samples_per_second,eval_steps_per_second,name
28.913789749145508,0.36097603621515334,0.16535982208209038,0.3158421524361738,0.3162098312969029,0.07032644093169654,393.279,9.706,0.305,gpt_generated
27.03299331665039,0.7537216919580025,0.6743115371791738,0.7360940302309888,0.7362117999675262,0.5343072974180009,65.744,8.929,0.289,faviq_r_set
26.124927520751953,0.7325813122476829,0.6567094670948967,0.7131238682958043,0.712861396940025,0.5460014281371423,53.9517,7.896,0.259,faviq_a_set
25.63330078125,0.2780887818883065,0.1216140993277118,0.23995631424012387,0.24005328350394,0.06770123651011818,23.9406,6.057,0.209,fact_checking_briefs
