eval_loss,eval_rouge1,eval_rouge2,eval_rougeL,eval_rougeLsum,eval_bleu,eval_runtime,eval_samples_per_second,eval_steps_per_second,name
25.49618911743164,0.3310590122032327,0.14726330459919026,0.2873768758094403,0.287582911846184,0.0665756696124885,395.8017,9.644,0.303,gpt_generated
27.85592269897461,0.791902246711522,0.6736210890690089,0.7556871500373912,0.7556468477087603,0.5668673300885558,20.1444,5.361,0.199,claim_decomp
24.822534561157227,0.9015843931185594,0.8537977661290708,0.8938406067775571,0.8934097937631629,0.7633470278177188,52.3623,8.136,0.267,faviq_a_set
25.475263595581055,0.27456761495149307,0.1131936165775071,0.23870640185056563,0.2378271882721324,0.06972570006886594,23.7585,6.103,0.21,fact_checking_briefs
